{"cameraMode":{"drawMode":0,"name":"Shaded","section":"Shading Mode"},"sceneLighting":false,"audioPlay":false,"sceneViewState":{"showFog":true,"showMaterialUpdate":false,"showSkybox":true,"showFlares":true,"showImageEffects":true,"showParticleSystems":true},"in2DMode":false,"pivot":{"x":-48.94939422607422,"y":-7.8470845222473148,"z":2.987942934036255},"rotation":{"x":0.0526711642742157,"y":-0.6949816346168518,"z":0.05117072910070419,"w":0.7152858972549439},"size":26.501758575439454,"orthographic":false}