{"cameraMode":{"drawMode":0,"name":"Shaded","section":"Shading Mode"},"sceneLighting":true,"audioPlay":false,"sceneViewState":{"showFog":true,"showMaterialUpdate":false,"showSkybox":true,"showFlares":true,"showImageEffects":true,"showParticleSystems":true},"in2DMode":false,"pivot":{"x":-7.750343322753906,"y":1.8410634994506837,"z":6.826259613037109},"rotation":{"x":-0.14674705266952516,"y":-0.020180299878120424,"z":0.0029946397989988329,"w":-0.9889660477638245},"size":12.04102897644043,"orthographic":false}